Menu_Item_ID,Menu_Item_Name,Category,Cuisine_Type,Vegetarian_Flag,Unit_Price,Preparation_Time_Min,Popularity_Level
I001,Tea,Beverage,Indian,1,20,5,High
I002,Coffee,Beverage,Indian,1,30,6,High
I003,Samosa,Snack,Indian,1,25,8,High
I004,Vada,Snack,Indian,1,25,8,High
I005,Puffs,Snack,Indian,1,35,10,High
I006,French Fries,Fast Food,Western,1,60,12,High
I007,Chicken Burger,Fast Food,Western,0,120,15,High
I008,Veg Burger,Fast Food,Western,1,100,14,Medium
I009,Fried Rice,Main Course,Indo-Chinese,1,110,15,High
I010,Biryani,Main Course,Indian,0,150,20,High
I011,Soft Drink,Beverage,Western,1,45,2,High
I012,Juice,Beverage,Indian,1,50,4,Medium
I013,Dosa,Breakfast,South Indian,1,60,12,High
I014,Idli,Breakfast,South Indian,1,45,10,Medium
I015,Meals,Main Course,South Indian,1,100,18,High
I016,Sandwich,Fast Food,Western,1,80,10,Medium
I017,Noodles,Main Course,Indo-Chinese,1,100,14,Medium
I018,Parotta,Main Course,South Indian,1,55,12,Medium
I019,Chapati,Main Course,Indian,1,50,12,Medium
I020,Curd Rice,Main Course,South Indian,1,55,8,Medium
I021,Lemon Rice,Main Course,South Indian,1,55,8,Medium
I022,Veg Roll,Fast Food,Indian,1,70,10,Medium
I023,Chicken Roll,Fast Food,Indian,0,90,12,Medium
I024,Pani Puri,Snack,Indian,1,50,8,Medium
I025,Bhel Puri,Snack,Indian,1,50,8,Medium
I026,Cutlet,Snack,Indian,1,35,8,Medium
I027,Muffin,Bakery,Western,1,45,8,Medium
I028,Donut,Bakery,Western,1,50,8,Low
I029,Brownie,Bakery,Western,1,60,8,Medium
I030,Ice Cream,Dessert,Western,1,55,5,Medium
I031,Milkshake,Beverage,Western,1,80,7,Medium
I032,Lassi,Beverage,Indian,1,60,5,Medium
I033,Masala Tea,Beverage,Indian,1,25,5,Medium
I034,Green Tea,Beverage,Indian,1,25,5,Low
I035,Veg Pizza,Fast Food,Western,1,140,18,Medium
I036,Chicken Pizza,Fast Food,Western,0,170,20,Medium
I037,Pasta,Main Course,Italian,1,120,16,Medium
I038,Soup,Main Course,Western,1,60,10,Low
I039,Veg Wrap,Fast Food,Western,1,85,12,Medium
I040,Chicken Wrap,Fast Food,Western,0,100,13,Medium
I041,Fruit Bowl,Healthy,Indian,1,70,5,Low
I042,Salad,Healthy,Indian,1,65,5,Low
I043,Protein Bowl,Healthy,Western,0,130,10,Low
I044,Water,Beverage,Indian,1,20,1,High
I045,Energy Drink,Beverage,Western,1,80,2,Medium
I046,Chips,Snack,Western,1,30,1,High
I047,Cookies,Bakery,Western,1,35,2,Medium
I048,Pongal,Breakfast,South Indian,1,55,10,Medium
I049,Poori,Breakfast,South Indian,1,60,12,Medium
I050,Veg Thali,Main Course,Indian,1,120,18,Medium
